{
  "stereo_calib": {
    "intrinsic": {
      "left_cam": {
        "K": {
          "cx": 6.960217e+02,
          "cy": 2.241806e+02,
          "fx": 9.597910e+02,
          "fy": 9.569251e+02
        },
        "distortion": [
          -3.691481e-01,
          1.968681e-01,
          1.353473e-03,
          5.677587e-04,
          -6.770705e-02,
          0.0,
          0.0,
          0.0
        ],
        "image_resolution": {
          "width": 1392,
          "height": 512
        }
      },
      "right_cam": {
        "K": {
          "cx": 6.957519e+02,
          "cy": 2.242509e+02,
          "fx": 9.037596e+02,
          "fy": 9.019653e+02
        },
        "distortion": [
          -3.639558e-01,
          1.788651e-01,
          6.029694e-04,
          -3.922424e-04,
          -5.382460e-02,
          0.0,
          0.0,
          0.0
        ],
        "image_resolution": {
          "width": 1242,
          "height": 375
        }
      }
    },
    "extrinsic": {
      "T": [0.532671, -0.00526146, 0.00782809],
      "R":  [[0.999557, -0.0223023, 0.0197154],
        [0.0223275, 0.99975, -0.001062],
        [-0.0196868, 0.00150172, 0.999805]]
    }
  }
}